{
  "0.1": 0.7812293456708526,
  "0.01": 0.7812293456708526,
  "0.001": 0.7944481163251818,
  "0.0001": 0.6252478519497686,
  "0.005": 0.7845340383344349,
  "0.002": 0.7911434236615995,
  "0.0009": 0.7944481163251818,
  "0.0008": 0.797752808988764,
  "0.00086": 0.7845340383344349,
  "0": 0.6543291473892928
}